"title","author","rating","reviews","price","description","themes"
"106: Dark Alchemy: Mind Games (The Children Of The Gods Paranormal Romance)","I. T.  Lucas","4.9 out of 5 stars","(39)","","On Navuh's island, secrets are currency and trust is a luxury no one can afford. When an unexpected offer promises freedom, Dimitri and Mattie must decide how much they're willing to risk, and how much of themselves they'll need to sacrifice. Back home, Annani will stop at nothing to find her lost mate, even if it means making a deal with the devil.  Read more","paranormal"
"The Wolf King: A Fantasy Romance","Lauren Palphreyman","4.4 out of 5 stars","(65,701)","","When a princess is kidnapped by an alpha, war rages between the humans and the wolves. But soon, forbidden attraction starts to grow. . .Princess Aurora longs to escape the castle and the marriage that has been arranged for her.But on the night before her wedding, at a dog fight where captured werewolves are made to fight for sport, she spares the life of a young wolf. It puts her on the radar of the powerful alpha who was going to kill him. And it changes everything.That night, when the alpha escapes, he kidnaps her and takes her to the rugged lands north of the border — where the once warring werewolf clans are beginning to unite. He thinks that she is the key to winning the war against the humans.Only, as they spend time around one another, forbidden attraction starts to grow. And as Aurora learns that not all wolves are bad, the alpha discovers that she is in danger from both his enemies, and those he once considered friends.With monsters on both sides, a bloodthirsty war between humans and wolves raging, and undeniable passion growing between them — will their story end in love? Or tragedy?And will Aurora ever get home?Does she even want to?An adult fantasy romance for fans of romantasy, werewolves, forbidden romance, and enemies to loversContent Warning: Contains strong language and sexual situations  Read more","paranormal"
"My Guide Dog is a Wolf Shifter","Roxie Ray","4.4 out of 5 stars","(2,028)","","It started as a terrible plan. Then he caught feelings.Jason needs to disappear.So his friends hand him the worst idea ever: become a guide dog.Violet didn’t move to a quiet little town to become “the brave blind girl.” She came for independence. For a fresh start. For the chance to figure out who she is now after spending the last year rebuilding her life after losing her sight.So when an enormous guide dog named Jason shows up for a trial match, Violet says yes…Then Human Jason knocks on her door.He’s supposedly a cooking instructor for visually impaired clients. He’s charming in a way that should be illegal. And the fact that he shares a name with her dog is the kind of cosmic joke that makes Violet want to fight the universe in a parking lot.Between grocery-store commentary, weekly lessons, and one wildly inconvenient flutter in Violet’s stomach, her world starts getting bigger again.Jason thought he was just choosing the safest place to hide.Violet thought she was just choosing her independence back.Neither of them planned on the part where ‘temporary’ gets complicated.  Read more","paranormal"
"Beyond the Hunt: Evermere Book One","Mary Ann Weir","4.6 out of 5 stars","(227)","","For too long, lunar witch Serafina Bell has been trapped in a cage of servitude to her cruel stepmother. But when she’s offered up in a marriage contract as part of a truce agreement, she seizes the chance to turn it into a key—one that might finally set her free.To princes Casimir, Zane, and Koa Cimmerian, the assignment is simple: Uncover what their unwanted bride’s step-crone is plotting. In return for saying, “I do,” the dhampir half-brothers will gain an estate, a fat treasury, and, most importantly, their freedom from the vampire court. They expect an easy arrangement with a disposable bride.What they get is Seri. Battered, bruised, and left for dead on their doorstep, she is nothing like they imagined. Especially when she opens her eyes... and the truth is revealed.###Tropes:🔥 Dark Fairytale/Gothic Fantasy → A witch, three monster hunters, and an evil stepmother. Best. Romance. Ever.💍 Arranged Marriage/Forced Proximity/Marriage of Convenience → For one year only. Yeah, right.❤️ Polyfidelity → Three deadly husbands. One witchy wife. No picking necessary.🩸 Monster Hunters x Witch → They’re more comfortable with handguns than hearts...✨ Fated Mates/Soulbond → The moment she opens her eyes, they know: she’s theirs.🔥 Slow Burn → They give her time to recover. Then it’s all bets off.🔪 Overprotective/Touch Her and Die → She’s theirs to protect, and they have no mercy.🖤 Found Family → The kind you fight for. The kind you kill for.💔 Tragic Backstory → No one gets out of this world unscarred.😈 Morally Gray Male Leads → Heroes? No. Obsessed, lethal, and hers? Yes.  Read more","paranormal"
"Forged in Blood: A Dark Paranormal/ Fantasy romance (Broken Bloodlines Book 1)","Sadie Kincaid","4.3 out of 5 stars","(34,827)","","A dark paranormal/ fantasy romance from bestselling author, Sadie Kincaid.Every few millennia, a child is born. Some say they’re marked with a curse.Others claim they possess the power of the ages. Meet Ophelia Hart. Lover of classic literature and unicorns. An orphan with nobody in her corner—no family, no friends. But it’s her loneliness that fuels her life’s ambition to become a social worker and help the forgotten children just like her. For a foster kid with only slightly above-average grades, it feels like a pipe dream.Except it seems that someone is looking out for Ophelia after all. When an unexpected opportunity to attend Montridge University arises, she thinks her life is finally taking a turn for the better.Too bad she comes to the attention of the three ruthless, arrogant commanders of the Ruby Dragon Society. Three of the most feared and powerful vampires on campus.But Ophelia doesn’t believe in vampires. Or in witches, or magic, or ancient prophecies. Until she has no choice. Little does she know, she’s about to have her whole world turned upside down. Because there is something about Ophelia Hart. Something that captures not only the attention of the Ruby Dragon commanders, but also their powerful, enigmatic sire—Professor Alexandros Drakos.With no idea of the power running through her veins, Ophelia must learn to trust the very men whom all others fear. And she needs to do it fast, for there are darker forces at work than those at Montridge University. Forces that were long ago Forged in Blood.Forged in Blood is book one in a trilogy. Books 1 and 2 end on cliffhangers and book 3 is a HEA.  Read more","paranormal"
"Cursed with Benefits","Roxie Ray","4.4 out of 5 stars","(1,269)","","House-sitting a creepy mansion was supposed to be easy—until Nadia accidentally wakes up a grumpy vampire lord who’s now magically bound to her.Step One: Get him to stop calling people “peasants.”Step Two: Convince him that biting is NOT an acceptable form of communication.Step Three: Absolutely, under no circumstances, fall for him. (Oops.)✨ Perfect for readers who love:– Grumpy/sunshine chaos– Forced proximity that sizzles– Cozy rom-coms with a bite  Read more","paranormal"
"How to Negotiate With a Nightmare (Seven Suitors For Seven Witches Book 3)","Amy Boyles","4.7 out of 5 stars","(25)","","In this cozy romantasy, the villain finally gets the girl. I have three problems:One: The hot guy I met in the bushes (don't ask) has magic so cold and dangerous it should come with a warning label.Two: My family's dragging me to a ball hosted by the Nightmare King—you know, the cruel monster who rules the dark half of town where the sun literally never rises.Three: Turns out Hot Bush Guy and Nightmare King are the same person. And when our magic touches? We make flowers. Which would be romantic if I wasn't supposed to be terrified of him.Eryx Nightshade has spent ten years alone in his castle, haunted by a voice in his head that demands blood and revenge. Until I walked into his spell and the voice went from ""destroy everyone"" to ""she's pretty, don't mess this up.""Now he's thrown a ball to find me. I'm trapped in pink tulle and sparkly sneakers. And every time we touch, our magic does things that shouldn't be possible.He thinks I'm his salvation.I think he might be mine.But I'm supposed to marry someone to save my family's dying magic, and he's got a revenge plot ten years in the making.Falling for the Nightmare King wasn't part of anyone's plan.Especially the nightmare's.Perfect for readers who love:✨ Grumpy x Sunshine👑 Villain Gets the Girl💍 Marriage of Convenience🔮 Magical Bond🖤 Morally Gray (and slightly obsessed) Hero⚡ Dangerous Magic😂 Fantasy Romance with HumorHow to Negotiate with a Nightmare is book three in the Seven Suitors for Seven Sisters series. Other books in the series:How to Fake it With a FaeHow to Outwit a Wizard  Read more","paranormal"
"Eyes of Devious Burgundy: Deathcaller Duet, Book 1 (An Age of War and Prophecy)","Lacey Lehotzky","4.3 out of 5 stars","(3,644)","","In the midst of war, love might be the deadliest weapon of all.For ten long years, Angels and Demons have waged a brutal war, with one man standing between the Demons and total annihilation: Rokath, the cruel and merciless general feared for his power to raise the dead.A prophecy whispers of a woman with eyes of devious burgundy who will shift the balance of power, but Rokath has plans of his own. After a deadly plague wipes out millions of Demons across the realm, Rokath issues an unforgiving command—every family must send one male to the front or face being put to the sword.Assyria, a sharp-tongued, burgundy-eyed farmgirl, is trapped in an abusive marriage to a nobleman who only values her for the power she could give their offspring. Her life unravels when Rokath’s soldiers arrive with the decree. A violent clash leaves her covered in blood—and running for her life. With her rare magic, she assumes the form of her slain husband and marches off to war, hiding among the very men she’s sworn to hate for killing her family.In a society where women must remain veiled and pure, Assyria's survival hinges on secrecy. Yet nothing can prepare her for the sharp, sinister gaze of Rokath, whose punishments for disobedience are swift and savage.When their paths cross, fate sets into motion a dangerous chain of events neither of them can control. With tension crackling between them and thousands of lives balanced on a knife’s edge, will their unlikely connection ignite salvation for the Demons—or doom them to destruction?Eyes of Devious Burgundy is the first book in the Deathcaller Duet, a slow meet, hate-to-love, banter-filled high dark fantasy romance with a vicious, dangerous MMC and a fiery FMC. Perfect for fans of A Choice of Light and Dark, Carissa Broadbent, and LJ Andrews. An Age of War and Prophecy is a series of interconnected duets and standalones centering around the world-altering events of the Great War between the Angels and Demons. While each book or duet has its own romance plot, the war plot requires full series commitment. AAOWAP contains mature, dark themes that some readers might find disturbing. A full TW list is available on the author’s website.  Read more","paranormal"
"Riftborn: A Post Apocalyptic Urban Fantasy (Of Sorrows and Blades Book 1)","Shannon Mayer","4.8 out of 5 stars","(876)","","I do not know my name.I do not know how I ended up in a world of broken continents and broken souls.What I do know is how to survive.How to fight.How to kill monsters with a precision that borders on magic.My memories are gone, stripped down to ash, but my body remembers things my mind cannot. Training. Instinct. Violence refined into something lethal and elegant. And beneath it all, a relentless drive to uncover the truth of who I was.One man stands in my way.Veyyr.His magic is unlike anything I’ve ever encountered, and the pull between us is undeniable. He knows me. Knows my past. Knows the name I no longer remember.And he refuses to tell me.Bound to his world and his secrets, I follow him into the wilds of a fractured land. A journey I have no reason to take. No stakes in.Except this.The deeper we go, the clearer it becomes that survival is no longer enough. The path forward runs through me. Through what I’ve forgotten and must remember.And if I don’t reclaim the truth of who I am…This broken world may claim us both.   Read more","paranormal"
"And So The Breaking Begins: Mindbreaker Duet, Book 1 (An Age of War and Prophecy 3)","Lacey Lehotzky","4.6 out of 5 stars","(89)","","Duty. Desire. Defiance.Sylaira has spent her entire life running from the visions that torment her—and the crown who would cage her to control them. Her prophecies could decide life or death in the Angels’ war against the Demons.But Sylaira wants no part in the bloodshed.When the Angel monarchs send the realm’s deadliest killer to capture her, she knows the weaponization that awaits if she’s taken.Because her first vision was of him.Vaeron, the Mindbreaker. The monster sent to hunt her down. Her fated mate.Yet no matter how fast she flees, Sylaira can’t outrun destiny or the male bound to her.When Vaeron drags her to the Angel court, Sylaira learns its glitter hides a battlefield. And their bond is the sharpest weapon on it.She’d rather die than trust the male who stole her freedom. But Vaeron is the only one standing between her and those determined to exploit her Sight—even if protecting her means betraying everything he’s sworn to.The Goddess didn’t pair the most powerful Seer in centuries with the Mindbreaker out of mercy.In the midst of war, one of them must break. And So The Breaking Begins is the first book in the Mindbreaker Duet, a slow burn, enemies to lovers, high stakes dark fantasy romance with a villainous MMC and a fiery FMC. Perfect for fans of Carissa Broadbent, Raven Kennedy, and Sarah A Parker. An Age of War and Prophecy is a series of interconnected duets and standalones with each book or duet having its own romance plot. The war plot requires full series commitment. You can start the series with either the Mindbreaker Duet or the Deathcaller Duet.AAOWAP contains mature, dark themes that some readers might find disturbing. A full TW list is available on the author’s website.  Read more","paranormal"
"Zodiac Academy 4: Shadow Princess","Caroline Peckham","4.5 out of 5 stars","(83,244)","","The shadows are in my blood. I can feel them crawling through me, slithering under my skin and taking me hostage. But the darkness within me isn't nearly as bad as the darkness that lives around me. The four Celestial Heirs will stop at nothing to destroy the lives of me and my sister. But they haven't figured out yet, that we're the strongest creatures they've ever known. And when that secret comes out, we need to be ready to face them as well as any other cruel Fae who rises against us. It’s us or them. And it damn well won’t be us.  Read more","paranormal"
"Zodiac Academy 2: Ruthless Fae","Caroline Peckham","4.5 out of 5 stars","(113,459)","","They tried to break us.They almost did.But we're not going anywhere.The Celestial Heirs think the stars are on their side.But they don't know what's coming. We have to be smart.Fighting them one on one isn't an option so we need to be cunning.Remaining under the radar won't be easy, but if we pull it off, they'll never suspect our involvement when their lives start falling apart.Besides, they've already taken us to the brink of hell, what more can they really do?  Read more","paranormal"
"Zodiac Academy 3: The Reckoning","Caroline Peckham","4.6 out of 5 stars","(105,911)","","“The answer to your question will be revealed on the Lunar Eclipse. But when discovering the truth, do not let the shadows take you.”Hell Week has begun.Senior students have been tasked with making the freshmen's lives pure torture as we prepare to face The Reckoning - the assessment that will decide whether we stay at Zodiac Academy or lose our places here forever.With the Lunar Eclipse on the horizon, my sister and I have more to worry about than just passing our exams.A dark plot is unfolding and the shadows are drawing closer. It looks like our enemies could be more powerful than we ever realised.Damn, who would have thought being a princess would be this hard?  Read more","paranormal"
"How To Tell If Your K-9 Is A Demon: A Paranormal Romantic Comedy","Trista Ricketts","4.5 out of 5 stars","(642)","","⭐ Initial Reader Reactions💬 “Laugh-out-loud funny with witty, slightly unhinged banter.”💬 “Lighthearted and gritty with twists I didn’t see coming.”💬 “Perfect rom-com energy with just enough spice.”💬 “If you love the TV show Lucifer and its vibes, this absolutely delivers.”She went to adopt a K-9 partner.She did not mean to adopt a demon.Officer Kelly “Chuck” Charles thought choosing her new K-9 would be straightforward.Obedient. Loyal. Not possessed by ancient evil.She was wrong.Her new K-9 partner growls in dead languages, smirks like he’s plotting world domination, and reacts to holy water like it personally insulted his ancestors.Because Malachi isn’t just a dog.He’s a centuries-old demon trapped in a canine body — morally black, dangerously clever, and very annoyed about it.The problem?Chuck doesn’t know any of that yet.She’s just a cop trying to survive long shifts, bad coffee, and a partner who may or may not be judging her soul.She definitely doesn’t know she’s part angel.And she absolutely isn’t prepared for the supernatural chaos headed straight for her life.When a well-meaning witch gives Malachi his body back, everything goes from “weird dog behavior” to full-blown celestial disaster.Redeem him.Banish him.Or fall for the demon who was never meant to have a heart.How To Tell If Your K-9 Is A Demon is a laugh-out-loud paranormal romantic comedy packed with:Accidental demon adoptionSnarky banter and slow-burn tensionA morally black demon with opinionsA strong female cop who didn’t sign up for destinyCelestial HijinksIf you love paranormal rom-coms with heart, humor, and just enough hellfire — this book will have you laughing, swooning, and side-eyeing every dog you meet.  Read more","paranormal"
"Knot the Firefighter Alphas’ Bookish Mate: An Omegaverse Reverse Harem Romance (Possessive Small Town Alpha Kings Book 24)","JK Serena","4.5 out of 5 stars","(31)","","I was saved by three lycan firefighters from my burning bookstore.Then I was mated. And knotted. By all three of them.I sold romance novels in my little bookshop and rated them by spice level. That was the most dangerous thing in my life — until my ex burned it all down with me locked inside.Three lycan firefighters dragged me out of the flames. Then refused to leave my life.Lucian: Lycan King disguised as a fire captain because five hundred years of politics bored him. Grumpy. Commanding. Kissed me like he'd been starving for centuries.Percy: Golden retriever energy in a six-foot-four lycan body. Made me pancakes shirtless. Read my romance novels out loud and gave them ratings. First one to notice I flinch when men move too fast. Last one to ever make me feel afraid.Solomon: Silent. Lethal. Looked at me like I was the only thing in any room worth protecting.They rebuilt my bookshop board by board. Growled at every man who got too close. Fell completely for a woman still learning not to flinch when someone raises their voice.Nobody warned me what a fated bond with three lycans actually means. What happens when they all claim you at once.But after they did? The same men who swore they were mine looked me in the eyes.And rejected me.Now I'm alone, carrying a secret that will change everything.And three lycan mates are about to learn that the hardest part was never rejecting me.It was winning me back.Rejected Bookish Mate of the Firefighter Alphas is a spicy omegaverse reverse harem — three possessive lycan firefighter Alphas, one bookworm human mate, fated mates, knotting, an abusive ex who gets what's coming to him, rejected mates, secret babies, and a grovel. HEA guaranteed. 18+ only.  Read more","paranormal"
"Fractured Bonds: A why choose paranormal academy romance (Starfall Academy Book 3)","Lyra  Mishon","4.5 out of 5 stars","(38)","","Find one soul-bonded mate, lose another. It feels like the goddess is having a joke at my expense.Between an ugly hag of a sea witch and the worst mother-in-law a witch could ask for, my dreams of a quiet life have gone up in flames.There’s no time to get to know my vampire mate, or have cuddles with my bear and incubus. Or think of creative ways to exact revenge on the storm mage for being a complete d*ck.It’s lucky we have a new fae ally. Or so I thought until the slippery fu–sorry, kind-hearted member of the Autumn Court, scammed me into accepting a fae bargain.But unscrupulous fae deals are tomorrow’s problem.Right now, I have the mer queen’s banquet to attend, an evil crone to assassinate, and some school assignments to catch up on.Then there’s my demonic father, desperate for a fond family reunion…Thank the goddess I have Kenji, my loyal familiar, by my side to offer some much-needed emotional support.Oh wait…---Fractured Bonds is book three in the Starfall Academy series. It's a multi pov paranormal romance filled with chaos and banter, where the FMC has several love interests and doesn't have to choose between any of them - even if she'd quite like to get rid of at least ONE of them... There are some dark, angsty moments, but expect more fun and mischief from our cast of clowns, errr... characters!  Read more","paranormal"
"Wolves of Oakwood: Shifter Romance Collection","Vera Rivers","4.6 out of 5 stars","(545)","","The complete shifter romance series in one collection!Some rules are meant to be shattered. Some lines beg to be crossed.And fate? Fate plays for keeps.Big Bad Mate: A Forbidden Love Shifter RomanceI'm caught between the duty to my pack and my desire to claim her.Fated Enemy: An Enemies-to-Lovers Shifter RomanceWe’ve been enemies for as long as I can remember. But time is running out.Her Fake Mate: A Fake Relationship Shifter RomanceA fake relationship might be the answer to both our problems.Exiled Mate: A Second Chance Shifter RomanceI never gave up on her. But I might not be worthy of a second chance.Lost Fate: An Amnesia Shifter RomanceWaking up with no memory and a gorgeous stranger wasn't part of the plan.Fated Secret Baby: A Secret Baby Shifter RomanceA misunderstanding tore us apart years ago. Now fate has given us a second chance... if we're brave enough to take it.Off-Limits Mate: A Big Brother’s Best Friend Shifter RomanceMy brother's best friend is forbidden territory, but fate has other plans.Fated Guardian: A Bodyguard Shifter RomanceI was supposed to stay hidden, not fall into the arms of a wolf.  Read more","paranormal"
"Where Shadows Rest: Evermere Book Two","Mary Ann Weir","4.7 out of 5 stars","(113)","","Lunar witch Serafina Cimmerian never dreamed her life could be anything other than misery and pain. Enter three dhampirs who would burn the world down with a single word from their beloved. Seri and her husbands couldn’t be happier at Evermere, but her stepmother isn’t about to let her claim a future full of love and laughter. Enter Amabel and Eluned, twin menaces who each have their own ideas about how to show Seri where she truly belongs: On her belly at their feet. Too bad they don’t know the Cimmerians aren’t only monster hunters: They’re monsters themselves. Now Arabesque’s daughters are about to find out what happens when you go walking into the monsters’ den looking for trouble.Tropes:🔥 Dark Fairytale/Gothic Fantasy → A witch, three monster hunters, and an evil stepmother. Best. Romance. Ever.💍 Arranged Marriage/Forced Proximity/Marriage of Convenience → For one year only. Yeah, right.❤️ Polyfidelity → Three deadly husbands. One witchy wife. No picking necessary.🩸 Monster Hunters x Witch → They’re more comfortable with handguns than hearts...✨ Fated Mates/Soulbond → The moment she opens her eyes, they know she’s theirs.🔥 Spicy Burn → No closed doors or fade to black here.🔪 Overprotective/Touch Her and Die → She’s theirs to protect, and they have no mercy.🖤 Found Family → The kind you fight for. The kind you kill for.💔 Tragic Backstory → No one gets out of this world unscarred.😈 Morally Gray Male Leads → Heroes? No. Obsessed, lethal, and hers? Yes.✅ Safe Romance→ No betrayal, cheating, other man/woman, or love triangles here. Just green flag main characters with a hard-won happily ever after.  Read more","paranormal"
"Zodiac Academy 5: Cursed Fates","Caroline Peckham","4.5 out of 5 stars","(81,769)","","The stars have cursed us all. After the devastating events at Zodiac Academy, we have to deal with this hollow reality we're faced with. Lionel seeks to destroy us, the Nymphs seek to destroy the entire Fae race, and between all of it, we have to try and survive each day and prove our worth in this forsaken place. I'm afraid of everything falling apart, but it looks like it already has. Death lurks around every corner, and it wants to claim me and my sister. But together, we will overcome the darkness that seeks to defeat us. Because we were forged in fire. And these flames will never die.  Read more","paranormal"
"Undeniably His Mate","Roxie Ray","4.4 out of 5 stars","(1,043)","","The moment I scent her, everything in me goes still.Not because she’s beautiful—though she is.Not because she’s hurt—though the blood on her skin makes something savage in me rise.But because that blood carries a truth she doesn’t know:She’s not human. And she’s mine.She wakes afraid, confused, certain she’s just an ordinary woman who got caught in the wrong place at the wrong time.I wish she were.It would make protecting her easier.It would make walking away possible.But nothing about her is ordinary—not her scent, not her presence, not the way my wolf reacts when she looks at me.My pack feels it too.So do the ones hunting her.Someone wants her dead because of a past she can’t remember, a bloodline she doesn’t know she carries, and a legacy that should have died generations ago.I don’t know the full truth yet.I only know this:Whatever she is becoming, whoever she really is—I will protect her.This volume contains all four books in the Fated to Royalty series, bundled together for ease and continuity.Whether you’re discovering the series for the first time or returning to read it straight through, this edition lets you enjoy the entire story without interruption.  Read more","paranormal"
"Kiss of the Basilisk: A Split or Swallow Novel","Lindsay Straube","4.1 out of 5 stars","(28,201)","","From internet sensation Lindsay Straube comes the first in a searing romantasy series where survival demands submission, and desire is the most dangerous game of all.Temperance Verus has never been kissed—not exactly ideal for a girl competing in the palace's most closely watched matchmaking ritual. Every year, a select group is invited to bond with the realm's magical basilisks and train in the art of charm, poise, and influence. The prize? A chance to win the prince's favor—and a life of privilege.Tem expects rules, gowns, and etiquette.She doesn't expect her assigned partner to be Caspen—the Serpent King, commanding, mysterious, and anything but safe. As he pushes her to unlock the strength she never knew she had, Tem finds herself drawn into something deeper, stranger, and far more powerful than royal approval. But not all bonds are built for the court, and some secrets are meant to break them.Readers call it ""feral, spicy, and unforgettably bold."" For fans of morally grey monsters, slow-burn fantasy romance, and stories that subvert the fairytale script.  Read more","paranormal"
"Zodiac Academy 6: Fated Throne","Caroline Peckham","4.5 out of 5 stars","(80,023)","","Fate has torn us apart.Without my sister, the world seems darker than ever before and the shadows loom thicker, rising up to answer the call of the Shadow Princess and changing the face of Solaria for good.Now Lionel Acrux has the strength to make a move for the throne, I’m not sure how much time we have left to stop him.Our only hope is to find the Imperial Star before he does. We made the sacrifice the stars called for and we’re paying the price for that decision so it can’t be for nothing.But with the stars turning against us at every move, and the last light in the world seeming to fade, I’m afraid we’re almost out of time.Hope is a dangerous thing. It’s the key to us fighting on. But it could be what destroys us in the end.One thing is for certain, I won’t stop until I have been reunited with my other half and together we will fight to take our crowns.A war is coming.The throne is calling for a new monarch. And someone must answer its call.  Read more","paranormal"
"Cuddled by the Pack: Reverse Harem Shifter Romance","Ella Hartwell","4.3 out of 5 stars","(318)","","I charge $80 an hour for platonic, therapeutic cuddling. I didn’t charge extra for becoming the tactical obsession of a special-ops werewolf unit.My name is Carmen, and I’m a professional cuddler. No funny business—just holding lonely people so they feel human again. It’s a quiet job, until I get a group booking from ""The Triad.""I expected three nervous tech guys. I got three wall-to-wall muscles who look like they eat rocks for breakfast. They are a tactical mercenary team, lovers who have been fighting back-to-back for a decade. They claimed they needed grounding for ""combat stress.""The session was going fine. We were in a spoon train. I was the little spoon. Then, I made a mistake. I fell asleep. And apparently, my drool contains a specific enzyme that tells a werewolf, ""Target Acquired. Protect at all costs.""I woke up to find my windows reinforced with steel plating, a perimeter established in the hallway, and three very large men arguing over who gets to guard my shower.Beau: The Team Leader. He’s scary, scarred, and usually doesn't let anyone touch him. Now, he’s treating my apartment like a Forward Operating Base and looking at the mailman like he’s an assassin.Grady: The Sniper. Quiet, observant, and lethal. He realized first that the scent marking me as theirs is like a beacon to every rival pack in the city. He’s not just holding me; he’s calculating kill zones.Mitch: The Demolitions Expert. Loud, brash, and the golden retriever of the group. He’s moved his toothbrush into my bathroom, but he’s also wired the front door with C4 because ""you can never be too careful.""They were hired to take down a crime syndicate running the city's underground, but the mating bond has re-written their mission parameters. The syndicate knows the Triad has a weakness now, and they’re coming for me.My new boyfriends have decided the safest place for me is in the middle of their nest. And God help anyone who tries to breach the perimeter.Cuddled by the Pack is a steamy MMMF romance featuring a trapped heroine, three possessive wolves who refuse to share her with the world—but are more than happy to share her with each other.  Read more","paranormal"
"Zodiac Academy 7: Heartless Sky","Caroline Peckham","4.4 out of 5 stars","(65,029)","","The winds of fate are shifting.And it finally seems like they’ve been twisted in our favour.On the run and cast out from society, we’ve been forced to hide from the mad man who stole our throne. But as more secrets come to light and my sister and I work harder than ever before to reach our potential and claim our birth right, the end is finally drawing closer.There is no turning from this path now. The curse chases on our heels as time rushes by and the blood drenched destiny of the man I love looms ever closer just like the monster who stole our throne.We must prepare for the final battle, but three things are clear now.The cards have already been dealt.Blood will spill for a new future to rise.And the stars themselves can’t help us.The fight for the throne is upon us. All hail the heartless sky.  Read more","paranormal"
"And Dawns Endure: Evermere Book Three","Mary Ann Weir","4.8 out of 5 stars","(15)","","Lunar witch Serafina Cimmerian has finally regained her magic power. Now it’s time to show her dhampir, monster-hunting husbands what she’s capable of. As for her evil stepmother, Arabesque Harrow has already stolen too much from her, and Seri will not let the Dark witch claim one more person she loves, no matter what it costs to keep her family safe.Includes a bonus short story!Tropes:🔥 Dark Fairytale/Gothic Fantasy → A witch, three monster hunters, and an evil stepmother. Best. Romance. Ever.💍 Arranged Marriage/Forced Proximity → For one year only. Yeah, right.❤️ Polyfidelity → Three deadly husbands. One witchy wife. No picking necessary.🩸 Monster Hunters x Witch → They’re more comfortable with handguns than hearts...✨ Fated Mates/Soulbond → The moment she opens her eyes, they know she’s theirs.🔥 Hot, Hot, Hot → No closed doors or fade to black here.🔪 Overprotective/Touch Her and Die → She’s theirs to protect, and they have no mercy.🖤 Found Family → The kind you fight for. The kind you kill for.💔 Tragic Backstory → No one gets out of this world unscarred.😈 Morally Gray Male Leads → Heroes? No. Obsessed, lethal, and hers? Yes.✅ Safe Romance→ No betrayal, cheating, other man/woman, or love triangles here. Just green flag main characters with a hard-won happily ever after.⚡ Magic Awakening → What happens when she gets her magic back? A reckoning, that’s what.  Read more","paranormal"
"Destined Mate (Twisted Fate Trilogy Book 1)","Jen L. Grey","4.5 out of 5 stars","(11,133)","","Fate stripped everything from me and forced me to face my worst nightmare.As the adopted and weakest member of my pack, I’ve always been an outcast and mistreated, especially since I've never been able to shift into my animal form.Every time I try to find a way to escape my personal hell, my pack leader stops me, vowing that I'll never be free from him.Then the worst happens.A group of my pack members attack me.Alone, outnumbered, and stuck in my human form, I'll fight for my life even though there’s no hope for survival.Until a group of unfamiliar wolves come to my aid.The sexiest and strongest of them, Bodey, is adamant to protect me.And something inside me tugs toward him almost unnaturally.But it turns out things aren't what they seem.There might be something more to my past than I knew . . . and Bodey might be the very person I need protecting from.Get this steamy and suspenseful forced proximity, touch her and unalive, broody male, fated mates, royal wolf shifter romance today!  Read more","paranormal"
"bite: a dark modern vampire romance","C.J. Primer","4.4 out of 5 stars","(805)","","I was running out of options. Jobless, hungry, and exhausted, with no clue what to do next.Then help came in the form of a business card.Bite: an underground blood agency matching consenting donors with vampires willing to pay a premium for live feedings.One bite may not be so bad. It could fix a lot of my problems.But then one bite turns into two, and the next thing I know I’m standing at a donor gala, catching the eye of the most powerful man in the room.James Devereaux, vampire king of the Northeast. A vamp who never drinks from the same human twice.Until me.He offers a deal I can’t refuse: a year as his exclusive donor in exchange for enough money to set me up for life.There’s just one catch– it isn’t only my blood he wants.Bite is a dark modern vampire romance that includes scenes and situations that may be triggering for some readers. If you’re unsure or unfamiliar with dark romance, please review the full list of trigger warnings inside this book before reading. This standalone novel has no cliffhangers and guarantees a happily-ever-after (HEA) for the main characters.  Read more","paranormal"
"The Alpha King's Queen: A Rejected Mate Werewolf Romance","Eloise Benjamin","4.5 out of 5 stars","(3,957)","","Gathering of the Eastern Packs. A mandate I cannot refuse. And one that changes my life forever.AvaI’m a rogue. Happily have been since the age of eighteen when my mate, and the Alpha of my old pack, rejected me.Living amongst the humans for the last nine years with my bestie and staying far away from the werewolf world that showed me nothing but abuse and heartache changes with one event and one sniff.The King of the Werewolves, my second chance fated mate… strong, dominant, and the sexual tension between us is off the charts.But with wet panties comes the bubbling up of long-hidden secrets and a man I would rather forget, The Butcher. I have something he wants, and he will stop at nothing to get it.BraidenAt thirty-four years old and still, with no fated mate in sight, I have finally chosen my Queen, a carbon copy of my mother.Until I scent her.My mate, the white wolf, is an exact match to my black one. She just has to realize it.My Queen wants none of this world, her past standing in our way, along with secrets that reveal our connection long before now.With every fiery interaction, I can feel her resistance crumbling. Soon, she will see that there is no escape.She is mine. She is The Alpha King’s Queen.Publisher’s Note: The Alpha King’s Queen is a stand-alone book, HEA guaranteed.  Read more","paranormal"
"The Ice Tyrant's Fated Mate (Hollow Earth Ice Dragons Book 1)","Riley Storm","4.5 out of 5 stars","(351)","","In the Ice Kingdom the strong rule, and the weak end up in cages.At the top are the Elites, cruelest and most powerful of all dragons. Below everyone else are my besties and I. The Wing-Clipped. Dragons too weak to shift or be claimed by a mate. We’re who the cages and illegal markets were made for.Until the man with green eyes who smells like forever awakens my dormant dragon. It should be impossible. It is impossible. Because Clippys don’t have fated mates. Ever. Everyone knows that.Everyone except my dragon. She’s staking this one out as hers, and she doesn’t care what he or I think. It only gets worse when I discover who she calls our mate.Somehow she’s decided the Ice Tyrant is all ours. The strongest, most ruthless dragon in Hollow Earth … and me?Never gonna happen.Even if I had a dragon to shift into, and even if I could claim another as my mate, it would never be him.Not just because it’s his kingdom and his rules that put me in this cage. But because he left me to rot in it…CasimirMy kingdom isn’t ready for me to claim her. I am. Civil war and threats to my throne? That's nothing compared to bonding with my mate. I’ll destroy anyone who threatens her or our future.But before we can have eternity, I'll have to win her over and show her I’m not what the legends say. Somehow.Because hiding at the center of every rumor, there’s a dark truth…***The Ice Tyrant’s Fated Mate is a full-bodied shifter romance with a HEA, perfect for fans of:Fated Mates (But not insta-love)Dragon ShiftersIYTHIKY Protective Alpha vibesA generous helping of growlsA dash of forbidden romanceA hint of dragon kingdoms  Read more","paranormal"
"Chased by My Grumpy Alpha: A Forbidden Runaway Mate Grumpy Sunshine Forced Proximity Paranormal Werewolf Romance","Jaymin Snow","4.5 out of 5 stars","(1,324)","","A runaway bride.A cold wolf guard who kept me alive.Until I discovered he was the prince sent to hunt me—my fated mate.AstraThey called me disposable.Forced me into a mating I never wanted.So I ran—straight into the arms of a cold wolf guard.Silent. Dangerous. Untouchable.He saved me. Protected me. Stayed far too close.And when blood spilled, his wolf snapped.That’s when I learned the truth.He isn’t my protector.He’s the deadly prince sent to hunt me.And worse… he’s my fated mate.LucianLove was never mine to want.My life was duty—a throne, a political marriage, a kingdom waiting to chain me.Then I was sent to hunt down her.Small. Stubborn. Reckless.She should’ve been forgettable.Instead, she made me fall.Now nothing else matters.Not the crown. Not the council. Not the enemies waiting.She’s mine.And I’d burn the kingdom to ash before anyone else touches her.One-click now to dive into a world of royal intrigue, forbidden love, and fated bonds that defy all odds!⭐⭐⭐⭐⭐Perfect For Readers Who Love:✔️ Runaway brides and forbidden love✔️ Fated mates with a deadly twist✔️ Cold, duty-bound Alpha heirs who fall for the one they’re supposed to hunt✔️ Tense, slow-burn romance with sizzling chemistry⭐⭐⭐⭐⭐Each book in this series delivers intense, slow-burn romance, powerful fated mates, and heroes who will stop at nothing to claim their love.  Read more","paranormal"
